name,phone,email,region
Madan,1-158-662-4996,madan@outlook.ca,GA
Persaud,1-877-704-5869,persaud@google.edu,Meghalaya
Srivas,1-516-922-8416,srivas@icloud.com,HR
Swami,761-1395,swami@google.couk,Haryana
Subram,981-5610,subram3142@yahoo.org,Karnataka
Nirmal,474-7526,nirmal@icloud.org,Madhya Pradesh
Sahni,151-8534,sahni@hotmail.ca,KA
Mahajan,1-548-689-8736,mahajan@icloud.couk,Bihar
Rana,1-528-385-7783,rana4716@yahoo.org,AN
Madan,768-6726,madan5937@yahoo.couk,Punjab
Sara,1-448-731-6473,sara8036@hotmail.ca,Chandigarh
Srivas,1-874-858-4328,srivas@protonmail.ca,Bihar
Chande,577-3719,chande6054@outlook.org,UT
Jai,1-301-224-9898,jai803@protonmail.edu,Dadra and Nagar Haveli
Vish,1-651-686-2992,vish1250@google.ca,BR
Sen,387-3246,sen3911@icloud.org,Madhya Pradesh
Charan,1-432-280-1268,charan@google.com,Punjab
Chandra,1-669-675-5189,chandra@icloud.com,DN
Aggarwal,786-0887,aggarwal@outlook.ca,RJ
Nigam,685-8638,nigam4332@icloud.edu,Kerala
Charan,240-2594,charan@aol.net,GA
Kumar,1-818-889-6444,kumar5531@google.org,Punjab
Neela,1-812-207-6963,neela@protonmail.org,JH
Pal,803-1232,pal2325@google.net,LD
Chakrabarti,559-5522,chakrabarti@aol.couk,Chandigarh
Darsha,1-539-623-5777,darsha6909@outlook.com,MN
Prasad,1-255-648-5166,prasad6565@aol.couk,MH
Sharma,1-836-703-0412,sharma33@outlook.com,PB
Lalit,325-8787,lalit@google.net,AN
Rai,1-536-292-1581,rai1805@yahoo.org,Odisha
Naran,1-755-385-2632,naran@aol.ca,KA
Nagpal,886-2975,nagpal@hotmail.edu,Uttar Pradesh
Sethi,263-4339,sethi@yahoo.edu,Uttar Pradesh
Jindal,1-588-720-8561,jindal8276@yahoo.net,MN
Rajagopal,723-7687,rajagopal@icloud.ca,MZ
Subramani,961-9663,subramani@hotmail.org,Sikkim
Aggarwal,158-5434,aggarwal@yahoo.net,AP
Kishore,1-593-822-1221,kishore2137@outlook.org,CT
Sai,1-274-542-3670,sai175@google.com,CT
Malhotra,413-8278,malhotra6699@aol.com,West Bengal
Mati,138-3736,mati4123@icloud.couk,Pondicherry
Srini,521-8273,srini7637@icloud.ca,Gujarat
Pal,1-822-348-3464,pal@icloud.couk,Chandigarh
Subramani,528-3574,subramani3878@hotmail.ca,JH
Swami,1-768-835-5551,swami@protonmail.org,Tripura
Mahajan,744-7489,mahajan5635@google.com,Kerala
Kumar,460-7226,kumar1079@aol.com,Arunachal Pradesh
Bhatt,1-397-282-8532,bhatt5754@hotmail.org,MH
Chandra,1-419-695-4340,chandra8640@protonmail.ca,Mizoram
Lalit,1-946-714-3378,lalit4423@google.com,OR
Srini,861-3258,srini9708@hotmail.couk,Haryana
Subramani,1-562-816-3258,subramani7488@google.ca,Punjab
Saini,798-2761,saini@yahoo.net,Jharkhand
Neel,1-271-696-6888,neel1381@aol.couk,Goa
Tyagi,445-6697,tyagi@aol.com,WB
Shan,1-274-441-4436,shan@google.org,DD
Narang,1-847-794-6642,narang5855@protonmail.net,DD
Punj,251-9196,punj@yahoo.couk,HR
Subram,1-378-484-5468,subram3701@aol.edu,Nagaland
Kumar,1-261-226-4429,kumar@protonmail.edu,Himachal Pradesh
Naran,1-801-229-2137,naran@icloud.org,UT
Vish,1-715-952-5078,vish6743@hotmail.ca,Chhattisgarh
Lalit,189-0642,lalit@aol.com,Lakshadweep
Vish,1-511-512-4356,vish4172@yahoo.ca,BR
Neela,558-6617,neela4868@icloud.org,TR
Neel,140-8833,neel575@aol.ca,Meghalaya
Engineer,563-4983,engineer8193@icloud.ca,Madhya Pradesh
Neelam,603-7806,neelam@yahoo.edu,KA
Rana,1-847-605-5352,rana4214@outlook.edu,Tamil Nadu
Sai,1-863-605-4845,sai@aol.org,Himachal Pradesh
Bhat,1-765-583-7472,bhat@hotmail.ca,Punjab
Rastogi,1-204-227-6993,rastogi@icloud.com,Gujarat
Chandra,1-644-844-8514,chandra4450@icloud.ca,DD
Charan,1-689-544-7183,charan9726@protonmail.couk,MZ
Jai,214-2595,jai@outlook.org,Pondicherry
Mehta,1-322-248-9102,mehta@yahoo.net,Daman and Diu
Malik,1-335-746-5592,malik@hotmail.com,Andhra Pradesh
Suri,1-134-516-1754,suri@protonmail.org,Lakshadweep
Persaud,268-1152,persaud302@aol.couk,Dadra and Nagar Haveli
Joshi,1-869-326-6582,joshi4288@hotmail.com,OR
Subram,1-172-433-4318,subram@hotmail.edu,MH
Sehgal,647-1701,sehgal@outlook.couk,DD
Chauhan,758-5516,chauhan@hotmail.org,Punjab
Subramanian,326-8960,subramanian6951@aol.org,Mizoram
Chakrabarti,1-742-281-0403,chakrabarti581@google.edu,TN
Shan,566-0248,shan@icloud.net,West Bengal
Engineer,1-725-535-8362,engineer@outlook.edu,NL
Mittal,852-7662,mittal@yahoo.couk,RJ
Mehta,1-422-288-2383,mehta2584@aol.net,Chandigarh
Mehta,557-7194,mehta@aol.couk,JH
Chandrasekar,1-240-661-3326,chandrasekar8623@hotmail.ca,MH
Dutta,218-5952,dutta@aol.net,Jammu and Kashmir
Mahajan,676-1507,mahajan@aol.net,PY
Kapoor,683-2217,kapoor3537@aol.net,Daman and Diu
Ganesh,711-9782,ganesh1482@hotmail.com,HR
Sai,250-9472,sai5239@icloud.org,HR
Engineer,1-726-734-2207,engineer4750@aol.edu,HP
Srivas,458-3143,srivas3221@icloud.com,Bihar
Samuel,894-7088,samuel@protonmail.org,Punjab
Neel,762-4746,neel@google.couk,OR
