id,first_name,last_name,email,gender
1,Yulma,Vedeniktov,yvedeniktov0@51.la,Polygender
2,Sutherland,Kenefick,skenefick1@people.com.cn,Male
3,Orrin,Gofforth,ogofforth2@ebay.co.uk,Male
4,Ajay,Redborn,aredborn3@comcast.net,Female
5,Dietrich,Overil,doveril4@google.pl,Male
6,Hastings,Buddle,hbuddle5@google.nl,Male
7,Johnny,Fudge,jfudge6@loc.gov,Male
8,Rosemonde,Perview,rperview7@so-net.ne.jp,Female
9,Frasco,Shall,fshall8@purevolume.com,Male
10,Odelinda,Reavell,oreavell9@vkontakte.ru,Non-binary
11,Krystyna,Server,kservera@ifeng.com,Female
12,Manfred,McDunlevy,mmcdunlevyb@gravatar.com,Male
13,Janos,Linsey,jlinseyc@wisc.edu,Male
14,Ailene,Giovanizio,agiovaniziod@mozilla.com,Female
15,Justinn,Assur,jassure@mtv.com,Female
16,Rahal,Dytham,rdythamf@kickstarter.com,Female
17,Joelly,Boaler,jboalerg@shareasale.com,Female
18,Rube,Takkos,rtakkosh@alexa.com,Male
19,Gertrude,Ryce,grycei@t-online.de,Female
20,Susana,Costelloe,scostelloej@xing.com,Female
21,Sidnee,Dowd,sdowdk@weather.com,Male
22,Allix,Strickland,astricklandl@ebay.com,Female
23,Jourdan,Kernermann,jkernermannm@mlb.com,Female
24,Mabel,Mongin,mmonginn@xrea.com,Female
25,Van,Pantone,vpantoneo@arizona.edu,Male
26,Nikki,Phythian,nphythianp@vistaprint.com,Female
27,Daphne,Shimmans,dshimmansq@stumbleupon.com,Female
28,Adorne,Fendley,afendleyr@sciencedaily.com,Female
29,Aube,Chaffen,achaffens@smugmug.com,Male
30,Kitty,Plevey,kpleveyt@goodreads.com,Female
31,Trude,Scardafield,tscardafieldu@timesonline.co.uk,Female
32,Osgood,Chomicki,ochomickiv@indiegogo.com,Male
33,Kiley,Makeswell,kmakeswellw@theglobeandmail.com,Male
34,Jean,Murphey,jmurpheyx@cmu.edu,Female
35,Sabina,Thicking,sthickingy@unesco.org,Female
36,Clare,Perry,cperryz@apache.org,Female
37,Marci,Kettleson,mkettleson10@de.vu,Female
38,Karolina,Farnon,kfarnon11@netvibes.com,Agender
39,Bridgette,McKinty,bmckinty12@huffingtonpost.com,Female
40,Harman,Otley,hotley13@godaddy.com,Male
41,Pandora,Siward,psiward14@wunderground.com,Female
42,Davy,Pauling,dpauling15@e-recht24.de,Male
43,Sonja,Rumbelow,srumbelow16@vimeo.com,Genderqueer
44,Herman,Lindores,hlindores17@cnbc.com,Male
45,Kris,Milson,kmilson18@webs.com,Female
46,Brucie,Willison,bwillison19@house.gov,Male
47,Jacob,Lumsdall,jlumsdall1a@ow.ly,Polygender
48,Nate,Cleary,ncleary1b@blogs.com,Male
49,Renell,Spurriar,rspurriar1c@nyu.edu,Female
50,Hailee,Bourdis,hbourdis1d@geocities.com,Bigender
51,Celia,Ciobotaro,cciobotaro1e@java.com,Female
52,Fionnula,Dyka,fdyka1f@vk.com,Female
53,Trescha,Croix,tcroix1g@myspace.com,Female
54,Clarette,Passie,cpassie1h@squidoo.com,Female
55,Sharl,Colloff,scolloff1i@macromedia.com,Female
56,Nina,Bacon,nbacon1j@nih.gov,Female
57,Elita,Banghe,ebanghe1k@creativecommons.org,Female
58,Ewell,Bucky,ebucky1l@123-reg.co.uk,Male
59,Kat,Mepsted,kmepsted1m@163.com,Female
60,Franny,McQuie,fmcquie1n@hc360.com,Female
61,Filberto,Warlow,fwarlow1o@google.es,Male
62,Fern,Nanelli,fnanelli1p@blogs.com,Female
63,Julio,Braime,jbraime1q@i2i.jp,Male
64,Bryna,Ackland,backland1r@stanford.edu,Female
65,Patrica,Antonescu,pantonescu1s@vimeo.com,Female
66,Lusa,Eliasen,leliasen1t@sbwire.com,Genderqueer
67,Norbert,Pettifer,npettifer1u@yandex.ru,Male
68,Erick,Elan,eelan1v@mtv.com,Male
69,Jermaine,Hadwin,jhadwin1w@whitehouse.gov,Male
70,Aldon,Aldine,aaldine1x@studiopress.com,Male
71,Son,Cousen,scousen1y@google.co.uk,Male
72,Arlen,Sudlow,asudlow1z@msn.com,Genderfluid
73,Cord,Ropking,cropking20@hugedomains.com,Male
74,Coralie,Nisuis,cnisuis21@pbs.org,Female
75,Hakim,Plaide,hplaide22@nyu.edu,Male
76,Constanta,St. Paul,cstpaul23@gov.uk,Female
77,Elissa,O'Luney,eoluney24@dyndns.org,Female
78,Irvine,Ingerfield,iingerfield25@addtoany.com,Male
79,Bastian,Gerran,bgerran26@newyorker.com,Male
80,Hayward,Gotling,hgotling27@who.int,Male
81,Emanuele,Vassie,evassie28@usnews.com,Male
82,Dorree,Christmas,dchristmas29@hugedomains.com,Female
83,Haywood,Gandrich,hgandrich2a@de.vu,Male
84,Joey,Frank,jfrank2b@hostgator.com,Female
85,Basilio,McCloy,bmccloy2c@pagesperso-orange.fr,Male
86,Tulley,Gornar,tgornar2d@phpbb.com,Male
87,Stanly,Harwell,sharwell2e@digg.com,Male
88,Mikaela,Blunsden,mblunsden2f@army.mil,Female
89,Denny,Fidoe,dfidoe2g@answers.com,Female
90,Zea,Sprey,zsprey2h@mlb.com,Female
91,Marmaduke,Lorek,mlorek2i@cdc.gov,Male
92,Betta,McGuiness,bmcguiness2j@columbia.edu,Genderqueer
93,Francine,Shapiro,fshapiro2k@virginia.edu,Female
94,Alvan,Addie,aaddie2l@reuters.com,Male
95,Ennis,Karlsen,ekarlsen2m@trellian.com,Male
96,Mikol,Sixsmith,msixsmith2n@purevolume.com,Male
97,Abigale,Leverett,aleverett2o@purevolume.com,Genderqueer
98,Nina,Palluschek,npalluschek2p@msn.com,Female
99,Camila,Potte,cpotte2q@typepad.com,Female
100,Flss,Wilcot,fwilcot2r@gov.uk,Female
